{
  "default-clang"     : "/opt/hipSYCL/llvm/llvm/bin/clang++",
  "default-platform"  : "cuda",
  "default-cuda-path" : "/opt/hipSYCL/cuda",
  "default-gpu-arch"  : "",
  "default-cpu-cxx"   : "/opt/hipSYCL/llvm/llvm/bin/clang++",
  "default-rocm-path" : "/opt/hipSYCL/rocm",
  "default-use-bootstrap-mode" : "false",
  "default-is-dryrun" : "false",
  "default-clang-include-path" : "/opt/hipSYCL/llvm/llvm/lib/clang/11.0.0/include/..",
  "default-sequential-link-line" : "-L/opt/hipSYCL/boost/boost/lib -lboost_context -lboost_fiber -lomp  -Wl,-rpath=/opt/hipSYCL/boost/boost/lib",
  "default-sequential-cxx-flags" : "-I/opt/hipSYCL/boost/boost/include",
  "default-omp-link-line" : "-L/opt/hipSYCL/boost/boost/lib -lboost_context -lboost_fiber -Wl,-rpath=/opt/hipSYCL/boost/boost/lib -Wl,-rpath=/opt/hipSYCL/llvm/llvm/lib -fopenmp",
  "default-omp-cxx-flags" : "-I/opt/hipSYCL/boost/boost/include -fopenmp",
  "default-rocm-link-line" : "-Wl,-rpath=$HIPSYCL_ROCM_PATH/lib -Wl,-rpath=$HIPSYCL_ROCM_PATH/hip/lib -Wl,-rpath=/opt/hipSYCL/llvm/llvm/lib -L/opt/hipSYCL/rocm/lib -L/opt/hipSYCL/rocm/hip/lib -lamdhip64",
  "default-rocm-cxx-flags" : "-isystem /opt/hipSYCL/llvm/llvm/lib/clang/11.0.0/include/.. -U__FLOAT128__ -U__SIZEOF_FLOAT128__ -I$HIPSYCL_ROCM_PATH/hsa-rocr-dev/include -I$HIPSYCL_ROCM_PATH/hip/include --rocm-path=$HIPSYCL_ROCM_PATH/rocm-device-libs",
  "default-cuda-link-line" : "-Wl,-rpath=$HIPSYCL_CUDA_LIB_PATH -Wl,-rpath=/opt/hipSYCL/llvm/llvm/lib -L$HIPSYCL_CUDA_LIB_PATH -lcudart",
  "default-cuda-cxx-flags" : "-U__FLOAT128__ -U__SIZEOF_FLOAT128__"
}
