<mxfile modified="2023-09-18T18:26:19.552Z" host="app.diagrams.net" agent="Mozilla/5.0 (X11; Ubuntu; Linux x86_64; rv:109.0) Gecko/20100101 Firefox/116.0" etag="59aVnUA01TUP_rNlRz_2" version="21.7.0" type="device">
  <diagram name="Page-1" id="97916047-d0de-89f5-080d-49f4d83e522f">
    <mxGraphModel dx="1687" dy="965" grid="1" gridSize="10" guides="1" tooltips="1" connect="1" arrows="1" fold="1" page="1" pageScale="1.5" pageWidth="1169" pageHeight="827" background="#ffffff" math="0" shadow="0">
      <root>
        <mxCell id="0" />
        <mxCell id="1" parent="0" />
        <mxCell id="uTXy4JNjHxIetLNbkg5j-114" style="edgeStyle=orthogonalEdgeStyle;rounded=0;orthogonalLoop=1;jettySize=auto;html=1;strokeWidth=3;" parent="1" source="uTXy4JNjHxIetLNbkg5j-111" target="uTXy4JNjHxIetLNbkg5j-112" edge="1">
          <mxGeometry relative="1" as="geometry" />
        </mxCell>
        <mxCell id="uTXy4JNjHxIetLNbkg5j-111" value="Input SYCL code" style="rounded=1;whiteSpace=wrap;html=1;fillColor=#dae8fc;strokeColor=#6c8ebf;fontStyle=1" parent="1" vertex="1">
          <mxGeometry x="250" y="145" width="120" height="60" as="geometry" />
        </mxCell>
        <mxCell id="uTXy4JNjHxIetLNbkg5j-115" style="edgeStyle=orthogonalEdgeStyle;rounded=0;orthogonalLoop=1;jettySize=auto;html=1;strokeWidth=3;" parent="1" source="uTXy4JNjHxIetLNbkg5j-112" target="uTXy4JNjHxIetLNbkg5j-113" edge="1">
          <mxGeometry relative="1" as="geometry" />
        </mxCell>
        <mxCell id="uTXy4JNjHxIetLNbkg5j-112" value="Any OpenMP compiler" style="rounded=1;whiteSpace=wrap;html=1;fillColor=#0050ef;strokeColor=#001DBC;fontColor=#ffffff;fontStyle=1" parent="1" vertex="1">
          <mxGeometry x="500" y="145" width="120" height="60" as="geometry" />
        </mxCell>
        <mxCell id="uTXy4JNjHxIetLNbkg5j-113" value="Output binary" style="rounded=1;whiteSpace=wrap;html=1;fillColor=#d5e8d4;strokeColor=#82b366;fontStyle=1" parent="1" vertex="1">
          <mxGeometry x="770" y="145" width="120" height="60" as="geometry" />
        </mxCell>
        <mxCell id="uTXy4JNjHxIetLNbkg5j-116" value="Pure OpenMP/C++ library flow" style="text;html=1;strokeColor=none;fillColor=none;align=center;verticalAlign=middle;whiteSpace=wrap;rounded=0;fontStyle=1" parent="1" vertex="1">
          <mxGeometry x="150" y="160" width="60" height="30" as="geometry" />
        </mxCell>
        <mxCell id="uTXy4JNjHxIetLNbkg5j-117" style="edgeStyle=orthogonalEdgeStyle;rounded=1;orthogonalLoop=1;jettySize=auto;html=1;strokeWidth=3;entryX=0;entryY=0.5;entryDx=0;entryDy=0;" parent="1" source="uTXy4JNjHxIetLNbkg5j-118" target="uTXy4JNjHxIetLNbkg5j-120" edge="1">
          <mxGeometry relative="1" as="geometry" />
        </mxCell>
        <mxCell id="uTXy4JNjHxIetLNbkg5j-128" style="edgeStyle=orthogonalEdgeStyle;rounded=1;orthogonalLoop=1;jettySize=auto;html=1;strokeWidth=3;" parent="1" source="uTXy4JNjHxIetLNbkg5j-118" target="uTXy4JNjHxIetLNbkg5j-124" edge="1">
          <mxGeometry relative="1" as="geometry" />
        </mxCell>
        <mxCell id="uTXy4JNjHxIetLNbkg5j-132" style="edgeStyle=orthogonalEdgeStyle;rounded=1;orthogonalLoop=1;jettySize=auto;html=1;entryX=0;entryY=0.5;entryDx=0;entryDy=0;strokeWidth=3;" parent="1" source="uTXy4JNjHxIetLNbkg5j-118" target="uTXy4JNjHxIetLNbkg5j-129" edge="1">
          <mxGeometry relative="1" as="geometry" />
        </mxCell>
        <mxCell id="uTXy4JNjHxIetLNbkg5j-137" style="edgeStyle=orthogonalEdgeStyle;rounded=1;orthogonalLoop=1;jettySize=auto;html=1;entryX=0;entryY=0.5;entryDx=0;entryDy=0;strokeWidth=3;" parent="1" source="uTXy4JNjHxIetLNbkg5j-118" target="uTXy4JNjHxIetLNbkg5j-134" edge="1">
          <mxGeometry relative="1" as="geometry" />
        </mxCell>
        <mxCell id="uTXy4JNjHxIetLNbkg5j-118" value="Input SYCL code" style="rounded=1;whiteSpace=wrap;html=1;fillColor=#dae8fc;strokeColor=#6c8ebf;fontStyle=1" parent="1" vertex="1">
          <mxGeometry x="250" y="415" width="120" height="60" as="geometry" />
        </mxCell>
        <mxCell id="uTXy4JNjHxIetLNbkg5j-119" style="edgeStyle=orthogonalEdgeStyle;rounded=1;orthogonalLoop=1;jettySize=auto;html=1;strokeWidth=3;entryX=0;entryY=0.5;entryDx=0;entryDy=0;exitX=1;exitY=0.25;exitDx=0;exitDy=0;" parent="1" source="uTXy4JNjHxIetLNbkg5j-120" target="uTXy4JNjHxIetLNbkg5j-121" edge="1">
          <mxGeometry relative="1" as="geometry">
            <Array as="points">
              <mxPoint x="730" y="325" />
              <mxPoint x="730" y="445" />
            </Array>
            <mxPoint x="710" y="340" as="sourcePoint" />
          </mxGeometry>
        </mxCell>
        <mxCell id="uTXy4JNjHxIetLNbkg5j-120" value="&lt;div&gt;clang host pass&lt;/div&gt;&lt;div&gt;&lt;br&gt;&lt;/div&gt;&lt;div&gt;&lt;br&gt;&lt;/div&gt;" style="rounded=1;whiteSpace=wrap;html=1;fillColor=#0050ef;strokeColor=#001DBC;fontColor=#ffffff;fontStyle=1" parent="1" vertex="1">
          <mxGeometry x="500" y="310" width="120" height="60" as="geometry" />
        </mxCell>
        <mxCell id="uTXy4JNjHxIetLNbkg5j-121" value="Output binary" style="rounded=1;whiteSpace=wrap;html=1;fillColor=#d5e8d4;strokeColor=#82b366;fontStyle=1" parent="1" vertex="1">
          <mxGeometry x="770" y="415" width="120" height="60" as="geometry" />
        </mxCell>
        <mxCell id="uTXy4JNjHxIetLNbkg5j-122" value="clang-based flow" style="text;html=1;strokeColor=none;fillColor=none;align=center;verticalAlign=middle;whiteSpace=wrap;rounded=0;fontStyle=1" parent="1" vertex="1">
          <mxGeometry x="150" y="430" width="60" height="30" as="geometry" />
        </mxCell>
        <mxCell id="uTXy4JNjHxIetLNbkg5j-123" value="Optional: OpenMP acceleration, HIP/CUDA support" style="text;html=1;strokeColor=none;fillColor=none;align=center;verticalAlign=middle;whiteSpace=wrap;rounded=0;" parent="1" vertex="1">
          <mxGeometry x="435" y="280" width="250" height="30" as="geometry" />
        </mxCell>
        <mxCell id="uTXy4JNjHxIetLNbkg5j-126" style="edgeStyle=orthogonalEdgeStyle;curved=1;rounded=0;orthogonalLoop=1;jettySize=auto;html=1;strokeWidth=3;" parent="1" source="uTXy4JNjHxIetLNbkg5j-124" target="uTXy4JNjHxIetLNbkg5j-125" edge="1">
          <mxGeometry relative="1" as="geometry" />
        </mxCell>
        <mxCell id="uTXy4JNjHxIetLNbkg5j-124" value="&lt;div&gt;clang CUDA device pass&lt;/div&gt;" style="rounded=1;whiteSpace=wrap;html=1;fillColor=#008a00;strokeColor=#005700;fontColor=#ffffff;fontStyle=1" parent="1" vertex="1">
          <mxGeometry x="500" y="380" width="120" height="60" as="geometry" />
        </mxCell>
        <mxCell id="uTXy4JNjHxIetLNbkg5j-127" style="edgeStyle=orthogonalEdgeStyle;rounded=1;orthogonalLoop=1;jettySize=auto;html=1;entryX=0;entryY=0.5;entryDx=0;entryDy=0;strokeWidth=3;" parent="1" source="uTXy4JNjHxIetLNbkg5j-125" target="uTXy4JNjHxIetLNbkg5j-121" edge="1">
          <mxGeometry relative="1" as="geometry">
            <Array as="points">
              <mxPoint x="730" y="410" />
              <mxPoint x="730" y="445" />
            </Array>
          </mxGeometry>
        </mxCell>
        <mxCell id="uTXy4JNjHxIetLNbkg5j-125" value="PTX" style="rounded=1;whiteSpace=wrap;html=1;fillColor=#008a00;strokeColor=#005700;fontColor=#ffffff;fontStyle=1" parent="1" vertex="1">
          <mxGeometry x="645" y="380" width="70" height="60" as="geometry" />
        </mxCell>
        <mxCell id="uTXy4JNjHxIetLNbkg5j-133" style="edgeStyle=orthogonalEdgeStyle;curved=1;rounded=0;orthogonalLoop=1;jettySize=auto;html=1;strokeWidth=3;" parent="1" source="uTXy4JNjHxIetLNbkg5j-129" target="uTXy4JNjHxIetLNbkg5j-130" edge="1">
          <mxGeometry relative="1" as="geometry" />
        </mxCell>
        <mxCell id="uTXy4JNjHxIetLNbkg5j-129" value="&lt;div&gt;clang HIP device pass&lt;/div&gt;" style="rounded=1;whiteSpace=wrap;html=1;fillColor=#e51400;strokeColor=#B20000;fontColor=#ffffff;fontStyle=1" parent="1" vertex="1">
          <mxGeometry x="500" y="450" width="120" height="60" as="geometry" />
        </mxCell>
        <mxCell id="uTXy4JNjHxIetLNbkg5j-131" style="edgeStyle=orthogonalEdgeStyle;rounded=1;orthogonalLoop=1;jettySize=auto;html=1;entryX=0;entryY=0.5;entryDx=0;entryDy=0;strokeWidth=3;" parent="1" source="uTXy4JNjHxIetLNbkg5j-130" target="uTXy4JNjHxIetLNbkg5j-121" edge="1">
          <mxGeometry relative="1" as="geometry">
            <Array as="points">
              <mxPoint x="730" y="480" />
              <mxPoint x="730" y="445" />
            </Array>
          </mxGeometry>
        </mxCell>
        <mxCell id="uTXy4JNjHxIetLNbkg5j-130" value="amdgcn" style="rounded=1;whiteSpace=wrap;html=1;fillColor=#e51400;strokeColor=#B20000;fontColor=#ffffff;fontStyle=1" parent="1" vertex="1">
          <mxGeometry x="645" y="450" width="70" height="60" as="geometry" />
        </mxCell>
        <mxCell id="uTXy4JNjHxIetLNbkg5j-138" style="edgeStyle=orthogonalEdgeStyle;curved=1;rounded=0;orthogonalLoop=1;jettySize=auto;html=1;entryX=0;entryY=0.5;entryDx=0;entryDy=0;strokeWidth=3;" parent="1" source="uTXy4JNjHxIetLNbkg5j-134" target="uTXy4JNjHxIetLNbkg5j-135" edge="1">
          <mxGeometry relative="1" as="geometry" />
        </mxCell>
        <mxCell id="uTXy4JNjHxIetLNbkg5j-134" value="clang SYCL pass (deprecated)" style="rounded=1;whiteSpace=wrap;html=1;fillColor=#1ba1e2;strokeColor=#006EAF;fontColor=#ffffff;fontStyle=1" parent="1" vertex="1">
          <mxGeometry x="500" y="520" width="120" height="60" as="geometry" />
        </mxCell>
        <mxCell id="uTXy4JNjHxIetLNbkg5j-136" style="edgeStyle=orthogonalEdgeStyle;rounded=1;orthogonalLoop=1;jettySize=auto;html=1;entryX=0;entryY=0.5;entryDx=0;entryDy=0;strokeWidth=3;" parent="1" source="uTXy4JNjHxIetLNbkg5j-135" target="uTXy4JNjHxIetLNbkg5j-121" edge="1">
          <mxGeometry relative="1" as="geometry">
            <Array as="points">
              <mxPoint x="730" y="550" />
              <mxPoint x="730" y="445" />
            </Array>
          </mxGeometry>
        </mxCell>
        <mxCell id="uTXy4JNjHxIetLNbkg5j-135" value="SPIR-V" style="rounded=1;whiteSpace=wrap;html=1;fillColor=#1ba1e2;strokeColor=#006EAF;fontColor=#ffffff;fontStyle=1" parent="1" vertex="1">
          <mxGeometry x="645" y="520" width="70" height="60" as="geometry" />
        </mxCell>
        <mxCell id="uTXy4JNjHxIetLNbkg5j-141" style="edgeStyle=orthogonalEdgeStyle;rounded=1;orthogonalLoop=1;jettySize=auto;html=1;strokeWidth=3;" parent="1" source="uTXy4JNjHxIetLNbkg5j-144" target="uTXy4JNjHxIetLNbkg5j-151" edge="1">
          <mxGeometry relative="1" as="geometry" />
        </mxCell>
        <mxCell id="uTXy4JNjHxIetLNbkg5j-142" style="edgeStyle=orthogonalEdgeStyle;rounded=1;orthogonalLoop=1;jettySize=auto;html=1;entryX=0;entryY=0.5;entryDx=0;entryDy=0;strokeWidth=3;dashed=1;" parent="1" source="uTXy4JNjHxIetLNbkg5j-144" target="uTXy4JNjHxIetLNbkg5j-155" edge="1">
          <mxGeometry relative="1" as="geometry" />
        </mxCell>
        <mxCell id="uTXy4JNjHxIetLNbkg5j-143" style="edgeStyle=orthogonalEdgeStyle;rounded=1;orthogonalLoop=1;jettySize=auto;html=1;entryX=0;entryY=0.5;entryDx=0;entryDy=0;strokeWidth=3;dashed=1;" parent="1" source="uTXy4JNjHxIetLNbkg5j-144" target="uTXy4JNjHxIetLNbkg5j-159" edge="1">
          <mxGeometry relative="1" as="geometry" />
        </mxCell>
        <mxCell id="uTXy4JNjHxIetLNbkg5j-144" value="Input SYCL code" style="rounded=1;whiteSpace=wrap;html=1;fillColor=#dae8fc;strokeColor=#6c8ebf;fontStyle=1" parent="1" vertex="1">
          <mxGeometry x="250" y="650" width="120" height="60" as="geometry" />
        </mxCell>
        <mxCell id="uTXy4JNjHxIetLNbkg5j-147" value="Output binary" style="rounded=1;whiteSpace=wrap;html=1;fillColor=#d5e8d4;strokeColor=#82b366;fontStyle=1" parent="1" vertex="1">
          <mxGeometry x="770" y="650" width="120" height="60" as="geometry" />
        </mxCell>
        <mxCell id="uTXy4JNjHxIetLNbkg5j-148" value="nvc++-based flow (experimental/WIP)" style="text;html=1;strokeColor=none;fillColor=none;align=center;verticalAlign=middle;whiteSpace=wrap;rounded=0;fontStyle=1" parent="1" vertex="1">
          <mxGeometry x="130" y="665" width="80" height="30" as="geometry" />
        </mxCell>
        <mxCell id="uTXy4JNjHxIetLNbkg5j-149" value="Optional: OpenMP acceleration on host" style="text;html=1;strokeColor=none;fillColor=none;align=center;verticalAlign=middle;whiteSpace=wrap;rounded=0;" parent="1" vertex="1">
          <mxGeometry x="510" y="620" width="250" height="30" as="geometry" />
        </mxCell>
        <mxCell id="uTXy4JNjHxIetLNbkg5j-150" style="edgeStyle=orthogonalEdgeStyle;curved=1;rounded=0;orthogonalLoop=1;jettySize=auto;html=1;strokeWidth=3;" parent="1" source="uTXy4JNjHxIetLNbkg5j-151" target="uTXy4JNjHxIetLNbkg5j-153" edge="1">
          <mxGeometry relative="1" as="geometry" />
        </mxCell>
        <mxCell id="uTXy4JNjHxIetLNbkg5j-151" value="nvc++" style="rounded=1;whiteSpace=wrap;html=1;fillColor=#008a00;strokeColor=#005700;fontColor=#ffffff;fontStyle=1" parent="1" vertex="1">
          <mxGeometry x="500" y="650" width="120" height="60" as="geometry" />
        </mxCell>
        <mxCell id="uTXy4JNjHxIetLNbkg5j-152" style="edgeStyle=orthogonalEdgeStyle;rounded=1;orthogonalLoop=1;jettySize=auto;html=1;entryX=0;entryY=0.5;entryDx=0;entryDy=0;strokeWidth=3;" parent="1" source="uTXy4JNjHxIetLNbkg5j-153" target="uTXy4JNjHxIetLNbkg5j-147" edge="1">
          <mxGeometry relative="1" as="geometry" />
        </mxCell>
        <mxCell id="uTXy4JNjHxIetLNbkg5j-153" value="PTX+host code" style="rounded=1;whiteSpace=wrap;html=1;fillColor=#008a00;strokeColor=#005700;fontColor=#ffffff;fontStyle=1" parent="1" vertex="1">
          <mxGeometry x="640" y="650" width="60" height="60" as="geometry" />
        </mxCell>
        <mxCell id="uTXy4JNjHxIetLNbkg5j-154" style="edgeStyle=orthogonalEdgeStyle;curved=1;rounded=0;orthogonalLoop=1;jettySize=auto;html=1;strokeWidth=3;" parent="1" source="uTXy4JNjHxIetLNbkg5j-155" target="uTXy4JNjHxIetLNbkg5j-157" edge="1">
          <mxGeometry relative="1" as="geometry" />
        </mxCell>
        <mxCell id="uTXy4JNjHxIetLNbkg5j-155" value="&lt;div&gt;clang HIP device pass&lt;/div&gt;" style="rounded=1;whiteSpace=wrap;html=1;fillColor=#e51400;strokeColor=#B20000;fontColor=#ffffff;fontStyle=1" parent="1" vertex="1">
          <mxGeometry x="500" y="720" width="120" height="60" as="geometry" />
        </mxCell>
        <mxCell id="uTXy4JNjHxIetLNbkg5j-156" style="edgeStyle=orthogonalEdgeStyle;rounded=1;orthogonalLoop=1;jettySize=auto;html=1;entryX=0;entryY=0.5;entryDx=0;entryDy=0;strokeWidth=3;" parent="1" source="uTXy4JNjHxIetLNbkg5j-157" target="uTXy4JNjHxIetLNbkg5j-147" edge="1">
          <mxGeometry relative="1" as="geometry" />
        </mxCell>
        <mxCell id="uTXy4JNjHxIetLNbkg5j-157" value="amdgcn" style="rounded=1;whiteSpace=wrap;html=1;fillColor=#e51400;strokeColor=#B20000;fontColor=#ffffff;fontStyle=1" parent="1" vertex="1">
          <mxGeometry x="640" y="720" width="60" height="60" as="geometry" />
        </mxCell>
        <mxCell id="uTXy4JNjHxIetLNbkg5j-158" style="edgeStyle=orthogonalEdgeStyle;curved=1;rounded=0;orthogonalLoop=1;jettySize=auto;html=1;entryX=0;entryY=0.5;entryDx=0;entryDy=0;strokeWidth=3;" parent="1" source="uTXy4JNjHxIetLNbkg5j-159" target="uTXy4JNjHxIetLNbkg5j-161" edge="1">
          <mxGeometry relative="1" as="geometry" />
        </mxCell>
        <mxCell id="uTXy4JNjHxIetLNbkg5j-159" value="clang SYCL pass (deprecated)" style="rounded=1;whiteSpace=wrap;html=1;fillColor=#1ba1e2;strokeColor=#006EAF;fontColor=#ffffff;fontStyle=1" parent="1" vertex="1">
          <mxGeometry x="500" y="790" width="120" height="60" as="geometry" />
        </mxCell>
        <mxCell id="uTXy4JNjHxIetLNbkg5j-160" style="edgeStyle=orthogonalEdgeStyle;rounded=1;orthogonalLoop=1;jettySize=auto;html=1;entryX=0;entryY=0.5;entryDx=0;entryDy=0;strokeWidth=3;" parent="1" source="uTXy4JNjHxIetLNbkg5j-161" target="uTXy4JNjHxIetLNbkg5j-147" edge="1">
          <mxGeometry relative="1" as="geometry" />
        </mxCell>
        <mxCell id="uTXy4JNjHxIetLNbkg5j-161" value="SPIR-V" style="rounded=1;whiteSpace=wrap;html=1;fillColor=#1ba1e2;strokeColor=#006EAF;fontColor=#ffffff;fontStyle=1" parent="1" vertex="1">
          <mxGeometry x="640" y="790" width="60" height="60" as="geometry" />
        </mxCell>
        <mxCell id="uTXy4JNjHxIetLNbkg5j-162" value="(WIP, no unnamed kernel lambdas)" style="text;html=1;strokeColor=none;fillColor=none;align=center;verticalAlign=middle;whiteSpace=wrap;rounded=0;" parent="1" vertex="1">
          <mxGeometry x="360" y="750" width="60" height="30" as="geometry" />
        </mxCell>
        <mxCell id="p8bNRnPfSB32FQdiQsax-4" style="edgeStyle=orthogonalEdgeStyle;rounded=0;orthogonalLoop=1;jettySize=auto;html=1;exitX=1;exitY=0.5;exitDx=0;exitDy=0;strokeWidth=3;entryX=0;entryY=0.5;entryDx=0;entryDy=0;curved=1;" edge="1" parent="1" source="p8bNRnPfSB32FQdiQsax-1" target="p8bNRnPfSB32FQdiQsax-5">
          <mxGeometry relative="1" as="geometry">
            <mxPoint x="780" y="325" as="targetPoint" />
          </mxGeometry>
        </mxCell>
        <mxCell id="p8bNRnPfSB32FQdiQsax-15" style="edgeStyle=orthogonalEdgeStyle;rounded=0;orthogonalLoop=1;jettySize=auto;html=1;entryX=0;entryY=0.5;entryDx=0;entryDy=0;curved=1;strokeWidth=3;" edge="1" parent="1" source="p8bNRnPfSB32FQdiQsax-1" target="uTXy4JNjHxIetLNbkg5j-121">
          <mxGeometry relative="1" as="geometry">
            <Array as="points">
              <mxPoint x="740" y="361" />
              <mxPoint x="740" y="445" />
            </Array>
          </mxGeometry>
        </mxCell>
        <mxCell id="p8bNRnPfSB32FQdiQsax-1" value="Unified code" style="rounded=1;whiteSpace=wrap;html=1;fillColor=#dae8fc;strokeColor=#6c8ebf;fontStyle=1" vertex="1" parent="1">
          <mxGeometry x="645" y="338" width="70" height="30" as="geometry" />
        </mxCell>
        <mxCell id="p8bNRnPfSB32FQdiQsax-10" style="edgeStyle=orthogonalEdgeStyle;rounded=0;orthogonalLoop=1;jettySize=auto;html=1;entryX=0;entryY=0.5;entryDx=0;entryDy=0;strokeWidth=2;" edge="1" parent="1" source="p8bNRnPfSB32FQdiQsax-5" target="p8bNRnPfSB32FQdiQsax-8">
          <mxGeometry relative="1" as="geometry" />
        </mxCell>
        <mxCell id="p8bNRnPfSB32FQdiQsax-12" style="edgeStyle=orthogonalEdgeStyle;rounded=0;orthogonalLoop=1;jettySize=auto;html=1;entryX=0;entryY=0.5;entryDx=0;entryDy=0;curved=1;strokeWidth=2;" edge="1" parent="1" source="p8bNRnPfSB32FQdiQsax-5" target="p8bNRnPfSB32FQdiQsax-9">
          <mxGeometry relative="1" as="geometry">
            <Array as="points">
              <mxPoint x="890" y="315" />
              <mxPoint x="890" y="355" />
            </Array>
          </mxGeometry>
        </mxCell>
        <mxCell id="p8bNRnPfSB32FQdiQsax-13" style="edgeStyle=orthogonalEdgeStyle;rounded=0;orthogonalLoop=1;jettySize=auto;html=1;strokeWidth=2;curved=1;" edge="1" parent="1" source="p8bNRnPfSB32FQdiQsax-5" target="p8bNRnPfSB32FQdiQsax-7">
          <mxGeometry relative="1" as="geometry">
            <Array as="points">
              <mxPoint x="890" y="315" />
              <mxPoint x="890" y="278" />
            </Array>
          </mxGeometry>
        </mxCell>
        <mxCell id="p8bNRnPfSB32FQdiQsax-5" value="Runtime JIT" style="rounded=1;whiteSpace=wrap;html=1;fillColor=#dae8fc;strokeColor=#6c8ebf;fontStyle=1" vertex="1" parent="1">
          <mxGeometry x="770" y="290" width="110" height="50" as="geometry" />
        </mxCell>
        <mxCell id="p8bNRnPfSB32FQdiQsax-7" value="PTX" style="rounded=1;whiteSpace=wrap;html=1;fillColor=#008a00;strokeColor=#005700;fontColor=#ffffff;fontStyle=1" vertex="1" parent="1">
          <mxGeometry x="910" y="265" width="70" height="25" as="geometry" />
        </mxCell>
        <mxCell id="p8bNRnPfSB32FQdiQsax-8" value="amdgcn" style="rounded=1;whiteSpace=wrap;html=1;fillColor=#e51400;strokeColor=#B20000;fontColor=#ffffff;fontStyle=1" vertex="1" parent="1">
          <mxGeometry x="910" y="302.5" width="70" height="25" as="geometry" />
        </mxCell>
        <mxCell id="p8bNRnPfSB32FQdiQsax-9" value="SPIR-V" style="rounded=1;whiteSpace=wrap;html=1;fillColor=#1ba1e2;strokeColor=#006EAF;fontColor=#ffffff;fontStyle=1" vertex="1" parent="1">
          <mxGeometry x="910" y="340" width="70" height="30" as="geometry" />
        </mxCell>
        <mxCell id="p8bNRnPfSB32FQdiQsax-18" style="edgeStyle=orthogonalEdgeStyle;rounded=0;orthogonalLoop=1;jettySize=auto;html=1;entryX=0.038;entryY=0.511;entryDx=0;entryDy=0;entryPerimeter=0;strokeWidth=3;curved=1;" edge="1" parent="1" source="p8bNRnPfSB32FQdiQsax-14" target="p8bNRnPfSB32FQdiQsax-1">
          <mxGeometry relative="1" as="geometry" />
        </mxCell>
        <mxCell id="p8bNRnPfSB32FQdiQsax-14" value="generic single-pass" style="rounded=1;whiteSpace=wrap;html=1;fillColor=#dae8fc;strokeColor=#6c8ebf;" vertex="1" parent="1">
          <mxGeometry x="505" y="344" width="110" height="20" as="geometry" />
        </mxCell>
      </root>
    </mxGraphModel>
  </diagram>
</mxfile>
